id,first_name,last_name,created_at,updated_at
1,FirstName1,LastName1,2012-01-21 14:54:09 UTC,2014-01-27 14:54:09 UTC
2,FirstName2,LastfindallName2,2012-02-22 14:54:09 UTC,2014-02-27 14:54:09 UTC
3,FirstName3,LastfindallName3,2012-03-23 14:54:09 UTC,2014-03-27 14:54:09 UTC
4,FirstfindallName4,LastName4,2012-04-24 14:54:09 UTC,2014-04-27 14:54:09 UTC
5,FirstName5,LastfindallName5,2012-05-25 14:54:09 UTC,2014-05-27 14:54:09 UTC
6,FirstName6,LastfindallName6,2012-06-26 14:54:09 UTC,2014-06-27 14:54:09 UTC
7,FirstfindallName7,LastName7,2012-07-27 14:54:09 UTC,2014-07-27 14:54:09 UTC
8,FirstfindallName8,LastName8,2012-08-28 14:54:09 UTC,2014-08-27 14:54:09 UTC
9,FirstName9,LastName9,2012-09-29 14:54:09 UTC,2014-09-27 14:54:09 UTC
